id,name
822ea47a67174466bd11492b9df224ce,Price Inc
228902edcf434a988bb1c27ece163204,"Stokes, Stokes and Stokes"
8c10d68820d34dab92a83173e9b02741,"Aufderhar, Aufderhar and Aufderhar"
1932edb6b8fc4a37a56c9ebebf301c0d,Lynch-Lynçh
81e48b3636474d7bb897453115e7d4ad,Gerlach-Gerlach
704b744e81064a1e8e3c0b802cf4d90c,Volkman Ltd
65fdf4af1dea46568911a0afa80aaf61,Thompson Ltd?!
8bbe3dbac3e244ae909b01e98d587e18,大一二大一二
a3a33234520640508c8ba09bf493dac6,Wisoky PLC
8270aff2c6d14855814b924450b1827f,King Inc©
e519c5fa955d42a889f801390105e317,"Cole, Cole and Cole"
e5a5b3b6ddba4b86adf964d2af2b4c02,Hane PLC
f83ca246c9f74b6ba5df7202dfddf63a,Hammes-Hammes
28b2df1e4a7443269a5dfae5ced3fb52,"Stokes, Stokes and Stokes"
519328b6c9b34f269fa9941bc0037019,Huels PLC
5a2dad0c1a7d4a9e941355fb2e751979,Dibbert and Sons
662a82914b75477ebd79d1186aff111d,Johns Ltd
42f363b0b4d94f9fabf55d07afeacb0d,Krajcik-Krajcik
4322f2c384094a55a85b01b18d0a3391,"Stokes, Stokes and Stokes
