id,name,company_id,email,phone,date_of_birth
80eae083085544559b6220f4a3168816,Jaylon Price III 大一二,8270aff2c6d14855814b924450b1827f,volkman.joelle@aufderhar_aufderhar_and_aufderhar.blf.com,1-960-273-6374,1975-02-03T07:49:30+000
bd63ec355cc845f291daa01f9a5da433,Tristian Hilll Jr.,e383e4b18ce8440bac7f69e4e5ad2801,caden@hagenes_hagenes_and_hagenes.jfn.com,570.543.4667 x139,1998-10-02T07:42:34+000
0801c6e7453a4aca8d2d3a39be8d33cf,German Kihn,77319282173d4ca6bda6d9818a54c8c9,hayden.jakubowskinader_and_sons.awq.com,(650) 470-7660,1990-21-06T08:09:58+000
4adbe7e0d68d4dc69880015ea2f4a32f,Mr. Kyler Towne,59652e786b6949259adf2d43d53e0d31,chase@hudson_plc.wip.com,,1984-11-01T08:17:54+000
22c210d786c840ea8f4b030ebaecdc4e,Mr. Jamir Wisozk MD,81e48b3636474d7bb897453115e7d4ad,catharine.boyer@bogisich_bogisich_and_bogisich.uvy.org,770-284-0694 x241,1970-17-09T06:17:18+000
127284e776e04e918a9b99fd3d201f63,Monty Powlowski,f83ca246c9f74b6ba5df7202dfddf63a,larissa@kreiger-kreiger.mtt.com,(690) 786-1210 x354,1975-05-05T02:00:23+000
7a796e5b2bee49feb8055283277270cc,Osvaldo Medhurst,c2b3e622c684435b806b3cdd2ed04451,welch.marvin@cummerata_inc.wqt.com,1-540-791-1067 x21030,1976-24-02T03:54:33+000
cdaa3cb02fcb45a6bba8dc33000134a0,Ms. Cora Runolfsdottir II,ce76fd8f25ee4e2b8d21871bc5553168,khalid.corkery@hessel-hessel.fsw.info,+1.880.992.8042,1994-25-04T07:29:30+000
b49ee8bd531e43c1b2572499dc02d3aa,Nathan Grant,c2b3e622c684435b806b3cdd2ed04451,guy@hessel-hessel.lwe.com,720-310-1136 x278,1982-05-07T15:39:01+000
88cc668674ed4418bc64e7e53507bba2,Marlen Breitenberg,334caa7941624c67bbbd31bb253cce4d,ernest.renner@harvey_inc.jgh.com,1-240-480-5193,1979-07-01T20:31:09+000
a86e6a8349844ce987622d9c087af234,Mr. Ottis Gutmann I,0cbf115c85714528ae54f1b1b60a8eba,raynor@nienow_nienow_and_nienow.jtn.com,1-520-863-6680 x184,1986-21-06T02:57:12+000
a555b833e26a49e4a8219c609715c178,Ms. Beaulah Eichmann,68cbcd70c3184a0ea930bcdc1394f5f7,marley.dare@kreiger-kreiger.mqe.com,1-530-694-0320,2003-29-05T02:31:37+000
4e039836c6ac468f94834e677008229b,Rocio Sipes,3b0d047b776e4d27906a6522734d92af,wehner.nichole@pouros_ltd.zxl.org,330-842-5461 x60926,1993-25-02T03:24:23+000
f21ca5c9ee5f40498e803c2aec37898e,Gregorio Volkman,62c1775a08924d3b92be53ec2abe4178,hansen@fay_fay_and_fay.klg.com,(310) 754-8289 x63660,1977-10-10T03:18:23+000
3d1921c0acf94505bf347dd3298022ad,Freddy Stroman,f0696983e47d4907bf3d67e5cb930fd2,scot@sipes-sipes.ueb.com,+1.200.510.8894,1992-14-05T19:50:14+000
008dc259713846888d7e7a25b61a2dd4,Desmond Purdy,c47d0923576144baa015271975c1de89,isom@schroeder_schroeder_and_schroeder.rkn.com,+1-570-290-5604,1985-23-04T05:18:04+000
66f373a6a88341a58df20b1c0f1dffe7,Mr. Buford Runolfsson V,45ae4da17ea24bd7922f7954ba6d8c5c,hoppe.tracy@rowe_inc.hen.com,(680) 680-3298,2000-24-07T08:08:52+000
1e95b3f892544ba48ece7958443d6e8c,Ms. Savanna Hane V,63ea8fb79f134a639827c2792c80f730,alexis.waelchi@dietrich-dietrich.zbe.org,(700) 893-0669,1974-25-03T23:20:14+000
61617f42f7b4436a8a04190ce1dbaf42,Princess Torp,3961c3d5191749b68b0c234f5ee299f0,kohler@turcotte_turcotte_and_turcotte.fio.net,(630) 944-0339,1999-04-08T14:10:14+000
39dc08e1e2fb4d51b158d22e5fa78a7a,Dorothy Wiza,eff5ac61b88b48049f41a449d15b0cfb,aaliyah.hartmann@donnelly_plc.pvi.com,1-880-525-2986 x89457,1979-14-04T04:11:40+000
00d965f3502f410f9bc4f736f1db5ec9,Leola Hyatt III,af6d3e3b8cc1419ba53f27edab20a504,julio.nienow@flatley_and_sons.crs.biz,580-454-6159,1970-01-08T10:08:21+000
2a58cf070bb949ab9b42169b762fb868,Mr. Scottie Hodkiewicz II,a18bbb23eebb46a893549e24a510d0bd,okey.herzog@pagac_ltd.iha.org,900.625.2318,1978-21-03T15:54:51+000
b1ea0da6ddd74a479ac105b0dd02cea4,Ms. Kendra Reynolds,8270aff2c6d14855814b924450b1827f,alexander@ortiz_ortiz_and_ortiz.kca.com,(890) 953-3321,1986-26-08T12:43:42+000
70a470f449794374a1c46ca8b7fa5764,Jannie Kozey,bafb060c2a1e4741b48af6c8b6374e13,klocko@bernier_bernier_and_bernier.wiy.net,620-605-8748 x803,1995-26-11T08:55:10+000
085092ddc1d8445bb4f12a9df457249d,Mae Boyer,c0fb3b0421524d70848257cb45693c0e,isac.ondricka@lehner-lehner.qkd.biz,480.371.7901 x41609,1987-24-08T17:13:16+000
e7f09acc9899451fb29e04d42f667127,Gayle Osinski,bb9755a009114ed6b928a28b878ed2de,dare.holly@murray_murray_and_murray.olc.info,260-461-9319 x52486,1978-20-09T00:03:15+000
8fb2ca736e6a48369f9c43f7aa9f54a9,Cindy Herman,5236f4ce394c40c384e431a559414017,emmanuelle@rosenbaum_and_sons.swl.com,(240) 387-7046 x116,1975-25-12T10:35:25+000
8dbcae362c4e4b9eafdcc55015b41886,Ms. Adah Stroman,2f784a41bb4f45b5951528aa348ef33b,d_angelo.pollich@franecki-franecki.xqs.com,1-950-585-1460 x30435,2000-27-05T03:14:55+000
338c948d934c44be9252c265b6712f23,Ms. Alyson Carter,d0483e49d7ca4b63956688fb282b90a4,alfreda@huel-huel.iav.com,1-500-853-2046,2002-30-04T06:36:27+000
c4843e014f514d24a27611171327979f,Elvie Cormier,9846cfd1ff9749248c4348f94160d56a,rasheed@gorczany-gorczany.tmr.com,+1.630.804.6735,1997-05-02T04:33:07+000
2127c935f6c541b39f684b04ec6ec4e9,Clarissa Ritchie,0c873fca83ea40bb9fcd240fd891c0fb,gerhold@nader_nader_and_nader.nof.info,350.510.2785 x6602,1974-06-08T23:04:21+000
265d075e84464683822a5e20292899b1,Aliza Connelly MD,00346961159945f98c05db2a80896291,torp@marks_marks_and_marks.bkv.com,+1-490-810-2496,1997-09-12T22:14:43+000
0ed90de84f1c4cd38d93acced3976ea9,Casimir Durgan,36f5be2b0e5b461993654b39eece3e22,marjolaine@bernier-bernier.kcm.com,(970) 329-8802 x50282,2000-22-05T09:45:21+000
a0ce3405b21348258e6fb95496af477a,Mr. Clint Bahringer,cfcd243dce1e4f14a3aff1ea8363d364,osinski@aufderhar_and_sons.ntu.com,780.780.4082,1993-05-10T15:40:42+000
64747ecfd401460aa6034e8f59e859bc,Ms. Rylee Flatley,b6fe1ca085624016b8e3935722c2e446,mitchell@mitchell_mitchell_and_mitchell.gfy.com,1-510-492-7862 x1721,1985-19-03T07:30:09+000
f802258fa73c4ca59325141375a7ba74,Talon Wolf,febafb5ad22742959d7526b88f8469d6,janelle@kuhlman_and_sons.hdb.info,890-345-4159,2000-26-07T10:49:21+000
7cd559f723054a9aa10a57ccc2f99882,Ms. Daija Kshlerin,58ebad270d464a1b983ff65790f8931e,burnice@abbott-abbott.ikt.com,1-810-710-2025 x8777,1992-10-11T15:18:03+000
e6de3cbfa4884c608f72bbc573ee0e68,Chester Connelly,f0696983e47d4907bf3d67e5cb930fd2,chauncey@schmidt_schmidt_and_schmidt.dph.net,1-350-506-4718,1977-08-07T00:56:09+000
ba284d0c612041a3a5fb4e394d4dc767,Lamar Mraz,7d04e1095a2e47a399ba0a1188d4b170,dicki@walsh-walsh.iud.info,390-564-6097 x415,1988-11-08T09:49:12+000
57a7772a3ecb4193af42e4281fa71a1f,Ms. Amely Kutch,99e5fbf5b7674775b3ffc7949fae713d,dorothy.barrows@moen_and_sons.yol.com,570-648-0230,1994-12-12T08:19:34+000
d2fb71d0b7a24a1da8082f90599b28f1,Dorothea Gusikowski,1a6296fc636d43d092b957875699a23b,fahey@reynolds_reynolds_and_reynolds.bde.info,290.649.2081,1984-27-05T08:20:53+000
ce52a36b60d647e1b137f62f890c7ead,Roma Kuhn,acbbd3bbb3804805b8c098e3a08887d7,hegmann@pacocha_pacocha_and_pacocha.wkv.info,610-478-1425 x43558,1985-19-10T10:21:39+000
4a158c78b2a94dff8911063b9991cdaa,Rashawn Durgan,d405aeac02414eec8d56a609d4eda405,cathrine@durgan_ltd.afh.com,500.210.6583,1974-07-11T14:39:03+000
e63f65ce4d7d4f02915f6f0e75bee571,Ms. Millie Moen,568cf6516a094cc39b085af261410732,donnelly@mraz_mraz_and_mraz.mnr.biz,(330) 380-7660 x49188,1975-26-11T17:19:18+000
5ebc9415ed084b968d1372650662bbd4,Dessie Hudson,1cb79038c06040399887668239fbaeef,nolan.wilhelm@kemmer_llc.qjb.net,400.864.9655 x30724,1974-30-09T04:04:23+000
d3cf602001864900a186bc2702fe8c61,Reymundo Heller,964521dbd9af4a2eb797fe38a34e9639,rogahn.alexane@harber_ltd.ewx.net,890.970.5950 x6055,1993-29-09T20:53:32+000
5a0458a5e21a4832b03fc8dc930d1778,Carolyne Collins I,f7cfd0516c42457db4df6263d815a3e0,lehner@kshlerin_kshlerin_and_kshlerin.hai.net,320.283.5396,1992-24-08T23:09:11+000
e32a032386e14a559adb400bea0c967f,Marques Wintheiser II,977da27423624d78819c5a0332dac326,gorczany@stark-stark.hlc.com,+17408400565,1985-23-01T19:39:59+000
5eda6b280dda43c684f372db96b60a7c,Lawrence Dooley DVM,24d271b0bc6a436fac2332cdf5347068,gislason.ayana@weissnat_ltd.nvm.com,+13303384086,1994-04-01T07:04:18+000
1efc27a8228f4aab92e119c9d8c45224,Haley Beer,662a82914b75477ebd79d1186aff111d,eldora@macejkovic_macejkovic_and_macejkovic.knm.org,(260) 720-8219 x6496,1970-03-09T00:22:52+000
cf60967bb3d84dba8414f2e4f1e9509a,Zane Powlowski,a78618fd83ae46a8a00535ef15f54334,morissette.magdalena@mccullough_mccullough_and_mccullough.fwo.net,650-777-7292,1988-02-07T03:29:04+000
2f4fda6adaa746a4933a4b654f3991f0,Felipa Zieme Jr.,50dba5df9dbf45d4857998a13a176ffd,lincoln@rolfson_group.zkk.info,(500) 423-3602 x621,1983-17-12T06:16:48+000
341cc065862b451a80f58e3285e360a7,Marlene Kozey Sr.,9573449f81794839a0c15702e58dd66c,benjamin.huels@kohler-kohler.dtw.com,+13007547843,1988-16-05T08:53:37+000
c93539e8b9c94961b05158d4e373c98d,Filiberto Hilll,7d04e1095a2e47a399ba0a1188d4b170,yvette.dietrich@franecki_group.arb.com,+1-730-966-2298,1999-26-05T19:27:01+000
7563869a7b234a5e9fc9966d95197551,Rosamond Klocko,572855effc044d0db04acdd13182d8bd,keeling@emard-emard.yrm.org,340-810-9960,1979-05-09T15:54:35+000
8e1231a8806f4c3dbff0478655e13c15,Zachery Hyatt DDS,09b0808bad8f47f88453509607fcffe7,crona@hirthe_inc.aut.info,+1-720-427-2166,2002-28-01T20:11:27+000
9bbba57583b74b4e84243595f1e29616,Sherwood Reynolds,0b2551bc9cbd4aecac808c5bf6057bc3,erdman@cronin_cronin_and_cronin.ndr.net,1-350-340-7784 x943,1990-18-03T06:04:41+000
3a4e40c3321346ff9b1d193d5487e105,Sylvia Runte,107f97ae8e58421c8f86e68baa7ad723,kreiger@rath_and_sons.peb.com,+1-760-987-0402,1975-26-08T17:02:00+000
76ec44d78f874b00a51cffe4ba807f65,Mr. Art Wehner MD,eb486dd9e94f4f7c8b946a36e272f2de,vonrueden.brandy@dicki-dicki.swm.biz,690-549-9173 x930,1997-17-08T03:56:21+000
b518bd5b43b84035a02494fa0d1f4208,Eunice Nikolaus I,6940e8aff24a4b64be32efe17b8deb4d,bernier.jannie@kunze-kunze.hnc.com,570-943-9532 x740,1985-03-10T21:34:15+000
81c8d6b086ba4a6eb85b2106309f8f71,Anne Kutch,ed0450d39b28426d90733522d7dd8037,hahn.vilma@o_keefe_llc.ryb.com,1-370-292-9888,2002-26-01T16:52:37+000
ddae7ca867c6468c82b10f99a3587daf,Shayne Hills V,1cb79038c06040399887668239fbaeef,muhammad.zboncak@kohler_group.myq.info,900-521-3104,1981-17-11T00:27:51+000
fe37ec0503b24c47a3353b5bb303995f,Lolita Jenkins,03fcc39d4d62494eb86a89e9745be6b0,welch@ritchie_ritchie_and_ritchie.jhw.com,+14607782962,1998-22-02T02:03:47+000
785f95f489b548f9b5ef3a274b4cefb0,Oren Lowe,306eee3fc10349f0b4a9093e23bca761,cory@balistreri_inc.pyj.info,(260) 871-8992 x1071,1985-23-09T18:22:59+000
b36dfa245f2f48f0956bd1e63f5bd472,Mr. Norberto Prosacco II,4a8b12768136444a904214d8f433e4d5,johanna.sanford@spencer_llc.ugz.com,1-480-422-9574 x9525,1990-28-08T22:30:31+000
b773c04c8b3e409393df0f835540045e,Nels Adams,a18bbb23eebb46a893549e24a510d0bd,josefa@parisian_parisian_and_parisian.djr.com,(700) 766-2810 x555,1991-28-01T15:47:04+000
320c912c00a24db9b35f502be7f2db43,Marjory Lowe,24d271b0bc6a436fac2332cdf5347068,gleason.herminio@turcotte_ltd.edq.info,1-660-239-2053,1970-18-06T22:51:56+000
ed2b7622c13f4e5e9bf744ecfa431dae,Geoffrey Mitchell,4322f2c384094a55a85b01b18d0a3391,d_amore@feest-feest.pfj.com,1-920-853-3987,1988-03-01T12:06:45+000
d148420b54af403c9107c5962f7568ab,Ms. Sabina Johns,2074d9667a4941dbb1a424839f7ca1ba,labadie@kunze_inc.liu.com,(350) 541-3926,1972-01-08T19:30:20+000
88c6748b40704936aaa41b260efefc39,Cassie Kilback,a3a33234520640508c8ba09bf493dac6,veum.khalid@west_west_and_west.itv.info,(770) 428-7272 x79859,1988-09-02T03:51:16+000
a87ec6fc3c08430a8f42c32654e6e795,Nichole Purdy,fa9d47f52ba244a193c0c02e6ae151d0,yoshiko.gerlach@purdy_llc.vli.com,810.310.4133,1990-19-10T20:37:24+000
0eba3178dfa6470a8101388ec195c35c,Mr. Jules Weimann,cf855a84b3e64b2da8e635c300868c00,annabell.mohr@cremin-cremin.xrc.info,+1-930-310-3177,1973-10-01T18:24:49+000
4c68c957ea6c44208408289e2f36523e,Annabelle Lesch,d5472f77f08543778f57ec91c43ffda0,zaria.gulgowski@hackett-hackett.zxo.com,+1 (410) 867-7456,1992-27-08T08:59:43+000
0ac28c6fe2ed4e91951cb3adc75d8ff3,Samir Hegmann,8d8b77320dd64ab084bb950fb99da684,wintheiser@schroeder_group.ckt.com,770.893.7575,1990-15-09T10:25:51+000
4dbfe9e38de94f49b7a7013f98e51c0d,Randi Fritsch,ff5c2221d4dd41dfb2476721fd2ac65d,terrance@pacocha-pacocha.srd.com,(960) 710-7519,1977-11-02T03:49:33+000
9da3e8f62a804ac6a65a21cd4d0afc73,Muriel Reilly,523cf33b9eeb4d2ebed5cb95a004cc91,damien@goldner-goldner.sqt.com,940.343.6677,1995-17-06T15:00:57+000
2b8cb384b0064e5fa299523bb1dad14f,Wallace Sipes,71925e9843764d2db0786a3f5e990604,hagenes.skyla@yost-yost.msm.info,(300) 730-8866 x189,1975-22-11T00:21:12+000
20b12f4861244dbaa5b47c2c86385c83,Rossie Gorczany,0e1f0478bd3148078038f2be256a3a20,connelly@brakus-brakus.mio.com,210-510-1444,1994-02-05T02:51:00+000
f3f30831d69b4372bd5c7f4dcc9e3029,Rowan Windler,bc86917bdb944245a8df3b5261291523,godfrey@rippin_ltd.ssq.biz,+1.420.794.3247,2002-29-06T16:15:16+000
dbcbb6cae97a4fe4a7144d71c8f5a3c0,Cristina Corkery,cf855a84b3e64b2da8e635c300868c00,ayden@hilpert_group.uif.org,280-602-7995 x48173,1991-07-06T19:43:01+000
26d121bfdff1469696fbc2476a6eaebe,Ms. Chasity Ryan MD,ec6cea6a0e5d4cb396eae2a495e2ce88,jenkins@koss-koss.gpq.com,1-880-426-0243,2002-09-06T05:11:35+000
2ecaca81231646afa82b8801454aa793,Isaias Beer,1946df33faa04690b8aadf164c66276e,vandervort@king-king.jwd.com,+1 (400) 691-2677,1981-23-08T10:58:48+000
b928a7eced5047cb9297ba62c787caa5,Maci Reilly,523cf33b9eeb4d2ebed5cb95a004cc91,jakob@nader-nader.uht.com,(410) 604-7420,1993-21-09T19:56:54+000
2603a48104574ad39c2f374df0e02ce0,Alison Stamm,98c8af54e8f146b092db7bd3495dfcb5,gaylord@rohan_llc.qoc.com,250.310.7940,2002-25-12T14:11:37+000
1f9d4db142e84ae49d06f2c3a3f97690,Oleta Reilly,ec6cea6a0e5d4cb396eae2a495e2ce88,alek@schaefer-schaefer.yjt.com,(750) 979-6044,1999-09-08T09:05:41+000
2871130fa42e462a8a1195e6dd6fc430,Salvador Lakin,a90499a6b0914f58b8022ebb56701e44,collins.london@ratke_ratke_and_ratke.mhz.com,1-510-844-4218,1986-17-08T23:53:31+000
e64808c99e2c47409af18cc976d8303a,Ms. Jany Kessler I,5053bbb6b0f14f1eb222b48ab2d793da,daniela@schuster-schuster.acj.com,1-860-863-5049,1974-17-09T23:29:27+000
8555ed6ead684ae8b460dc0e72a0724a,Fletcher Prosacco,2892a55eb803481c9e84c92a8b49a192,gaylord.joannie@feest_feest_and_feest.qia.info,1-520-681-2578 x086,1995-30-12T04:47:47+000
3b0e0e29a28c4b9a932ea8f1605abc82,Leone Willms,5ad3a3a3fdfc4f528fa641b69300a399,mattie.gislason@heathcote_inc.xgw.net,290.671.6231,1970-16-04T00:55:44+000
84f2fb09008d482086a3a876bc689b5f,Miller Weber,727e00721c944c3fbef0dc73e022515d,wehner@lowe_lowe_and_lowe.gzb.com,1-270-207-7514,1999-16-11T13:46:50+000
0056eed217b24b249fd2c14133f63a1a,Ford Toy,0eb9d2c16a6b4535a671c647f9c6551b,alexandrine.howe@mante-mante.fpu.com,1-530-939-4873,1982-09-02T15:39:11+000
1933dcb2dfd74b97a457c8d9b8f1d1ee,Ms. Tianna Johnston,ba4616b1e4954178bfd76f87b5298cc7,wanda.hand@ratke_ratke_and_ratke.vpw.com,570-674-2808 x274,1996-14-05T22:31:31+000
755639adb9f7418e8db71e428f07bcfe,Hope Jacobi,24f66321a7904c9b87c1801858082b37,lehner.krystel@jones_llc.icd.com,(990) 235-5988,1991-27-03T22:03:16+000
4c3b3dafc80444a596e376ff0c954c7f,Duane Bernier Sr.,9846cfd1ff9749248c4348f94160d56a,korey.kuhn@wuckert-wuckert.ipp.org,1-460-510-3145 x461,1974-22-02T08:20:34+000
8a47d123376e4e43a4bc609cbfedfb40,Tremayne Vandervort,71925e9843764d2db0786a3f5e990604,isobel.schuster@steuber_plc.gsn.biz,860-477-9598,2000-20-09T16:53:44+000
4297df5966cc43389f535be96a61da96,Osvaldo Batz,f837e3b70ebe49728240a7fb2a7a64e0,geoffrey.prohaska@lehner_lehner_and_lehner.eep.org,+14709333028,2003-26-01T22:51:50+000
30d82487a2264adbb7194fc0f4881fc6,Charity Bogan,123d19286ebd42aea690369570d539d3,jazlyn@stanton_group.jgx.info,700.485.6211 x52906,1990-29-03T04:52:22+000
eb8eb39f7b344702be53f584e4bc8f09,Julien Legros DDS,b9771c0d8a834167adcd47c8a8acc451,dillan.powlowski@o_hara-o_hara.fip.org,1-370-833-7035 x47400,1975-05-12T01:34:44+000
e41671152ffb4b6aa72ab6fadaea2917,Ms. Elena Kshlerin MD,f3868cb68c794b03b08dfeedbad5a6f7,auer.ambrose@gislason_and_sons.isi.com,940-429-7556,1973-16-07T18:07:26+000
71df0e4934504e5b804651161e321c6b,Ryann Lind,22f0aa2bd10a4dd69a05957ee05380da,watsica@jaskolski_jaskolski_and_jaskolski.xzc.com,790-710-7433,1985-18-09T18:50:47+000
b3d5cc6167b34afab82f11df924e86cd,Cullen Hessel,58379bf7620046fb894c56731e683201,donato@daniel_daniel_and_daniel.ztc.info,(300) 962-3854,1977-04-07T23:34:43+000
9763109faa3543058fb28cbd5c96675b,Malika Effertz,1eab39311ef8464d996ef12e20505f10,melyna.upton@koepp_llc.sxl.com,460-370-6976 x67206,1975-22-03T07:24:13+000
118d45e7a36248918d4a013e9fdd5b53,Walker Hintz,6c5f3ae1d3424cb5a2d516b38a75912a,jerry@bogan_plc.nqx.com,+15006261720,1996-31-03T19:04:10+000
d018f18221404d8fb7710d624202e90b,Don Heller IV,d5472f77f08543778f57ec91c43ffda0,deja@simonis_and_sons.oor.com,310-300-3547 x981,1990-31-12T01:54:10+000
420df6aedca345d9b8bee8db4fe18b9a,Jarrod Feil,bb9755a009114ed6b928a28b878ed2de,fabiola@franecki-franecki.iac.info,1-550-968-4927 x4145,1974-11-09T20:24:10+000
aca7e2759ec74324a00e2785372e975b,Vilma Douglas,ca130baa085e44fd9a4eeea7148c8ba1,leonor.sauer@larkin_inc.nma.com,590.691.3389 x07590,1986-07-05T01:53:07+000
c8cefb1a3dcc4f929410cb8619641e85,Christian Abbott,e2171495767443b8ad77aafa514a4c1f,kailyn.lehner@casper-casper.uat.com,280-210-0828 x394,2002-05-01T12:24:17+000
6dbb06a5cccb45d7918732815e4002da,Kaci Gottlieb DDS,ce62bf63f3bf47fa9b470b3c899ba214,ali@block_ltd.oss.org,540.941.4577 x86112,1981-28-08T14:36:20+000
7ea10fe96ded4a8b8139b34e11d190ee,Lolita Hegmann I,7a0108f62a844eb8b60a88d97d358428,clovis.okuneva@schmitt-schmitt.hkb.com,(230) 329-3616 x95033,2004-02-03T07:11:35+000
b5821cab3e114262ad7e1f9ca59dc1b6,Eddie Goodwin DDS,45ae4da17ea24bd7922f7954ba6d8c5c,hegmann.annamarie@ritchie_ritchie_and_ritchie.cut.biz,(440) 838-5367 x690,1977-23-07T08:53:59+000
21dae41d61f94782b30a363987827357,Neil Hackett DDS,ec6cea6a0e5d4cb396eae2a495e2ce88,rebeca@bergnaum_and_sons.thq.biz,(790) 646-0580,1978-06-02T21:38:13+000
ff9ce1e7e5a04aeca39ba32c034cb756,Shakira Hyatt MD,ce62bf63f3bf47fa9b470b3c899ba214,delaney@hirthe_group.rdt.com,1-570-964-0034,1981-30-12T22:45:16+000
7fc8e46649a8490b834d5e04c992f788,Adelia Huel Jr.,519328b6c9b34f269fa9941bc0037019,harvey@schiller_schiller_and_schiller.azu.com,1-970-967-5978 x1389,1977-05-08T22:58:50+000
3e127302eb834559b8c29980ec1ba2b2,Horacio Rogahn,dde956cdd2d74316b8a8037f3349c0c7,heathcote@stiedemann-stiedemann.gnt.biz,840.810.2318 x29342,1984-29-01T15:25:01+000
854ff2e00f54475895cb60e1bf4884ba,Mr. Arjun Graham,f8bc5c3552114c2590250987d4a9f74b,nikko.spinka@nienow_nienow_and_nienow.cwn.com,400-410-0264 x3517,1988-05-05T23:59:11+000
9ad43fbbab374c3aa57e23a50e511528,Jayde Schneider,4a8b12768136444a904214d8f433e4d5,osvaldo.tillman@kunde-kunde.oke.org,700-454-5170 x20895,1986-30-07T09:29:08+000
49091f75c90044e5836c33a5a07ca5e2,Alda Weissnat,0db254fa5b6d43f5a252df9917dd4ce0,justyn@quitzon_quitzon_and_quitzon.bmt.com,1-210-742-5297,1994-22-12T16:11:46+000
729dd0b5d22e490db8cf39cd366b8f90,Ms. Theodora Denesik Jr.,0eb9d2c16a6b4535a671c647f9c6551b,shanahan@schamberger_schamberger_and_schamberger.dxz.com,(980) 591-4557 x55269,1988-11-10T01:33:44+000
2e509299cfce494cb4839af113eb8191,Dorothea Bashirian,c17f37e9c0004ec9b9dea4ff4c0584c2,schimmel@mraz_plc.zlz.net,1-370-789-5551 x4497,1991-18-04T14:18:48+000
7d22ce6dc48e42ebadbc9ae60d685331,Reymundo Kozey II,a90499a6b0914f58b8022ebb56701e44,marquardt@runte-runte.foy.com,1-670-776-9814 x289,1986-09-06T10:48:16+000
db6280d650e64dc5af8560e1ab4e9f08,Mr. Bernard Williamson MD,4322f2c384094a55a85b01b18d0a3391,bernie@mosciski_llc.jhr.com,830.990.9033 x1139,1989-14-12T06:13:59+000
697091a26758466e994dc1b4bf96e85a,Mr. Otto Ferry III,d5ff1e834ec948bda00a4f56ade9c701,efren.lueilwitz@keebler_keebler_and_keebler.kjn.net,240.420.5923 x029,1999-18-09T20:08:09+000
a1b421904a394751a726ce1ac357afe8,London Wisoky,ed0450d39b28426d90733522d7dd8037,jamison@lockman-lockman.otl.com,900-555-8312,1995-22-01T21:44:53+000
4ac7176b9ff547539fd48acd6a564266,Trace Rempel,1264fa22a2494ec783a37ddc32b37a37,considine@roob_roob_and_roob.dxs.com,+1 (230) 225-9034,2004-11-06T12:24:31+000
35c2333428874faea2f64778cac77f42,Ashly Kshlerin DVM,cf2636a13aaa4cd28b85abcee05a0607,caesar.sauer@stracke-stracke.iac.org,(870) 370-0200,1995-30-11T13:14:43+000
a97dbe205d184ea2827d33053c19e13c,Nicolette Graham,36f5be2b0e5b461993654b39eece3e22,ryder.batz@stamm_stamm_and_stamm.awr.com,1-580-263-6487,1970-11-02T18:36:05+000
58aad58561fa47d2824469664c9af3d2,Orlo Sipes,046a667c3db6414ab7bd4ee525c286a0,lambert.bauch@gutkowski-gutkowski.zuj.com,(280) 725-3234 x3801,1978-21-09T05:44:45+000
bc81cf5175d948ff9d11e3b539dad444,Alessandra Mayert PhD,99e5fbf5b7674775b3ffc7949fae713d,ashton.marks@sipes_sipes_and_sipes.ufu.com,1-920-520-5016,1979-29-01T09:21:32+000
9a91a4fca4134c3b830f4436147282b0,Kareem Corwin I,ec6cea6a0e5d4cb396eae2a495e2ce88,nitzsche.pink@volkman-volkman.ahr.biz,+1.660.683.6878,1978-26-03T11:49:49+000
ed08f3387a5a426fb714df9f85f699a4,Winfield Feest,523cf33b9eeb4d2ebed5cb95a004cc91,sylvester.glover@berge_plc.ufb.com,(390) 285-5100,1979-27-11T20:05:23+000
b41b5f6a3a734f1c8b83b79989ad3de8,Mr. Armani McDermott III,02fb0884c9e74dc1a0a6e719bf9f2532,jaycee.heidenreich@bradtke-bradtke.byn.com,820.523.4636,2000-01-12T03:18:16+000
c58026db201d4957b75ba96726299a6a,Zechariah Reinger MD,7316e4289c2a4cf08baf48717599a949,trantow.ashley@stamm-stamm.uei.com,+1-940-753-2367,2000-26-05T11:29:04+000
37b24bd24f624c63b99d4a1427d3f7e9,Ms. Mafalda Orn,76750b7e27dc45cc8f90aa5963b7a132,franecki.alexandro@gorczany-gorczany.xen.org,900-496-0164,1974-04-05T10:28:37+000
d74d2cfff87e4ffaa33cb6caa7b18f0f,Dorris Toy III,f3c8b7b450414091aa016814efc120fb,ankunding.eloise@koss_group.ysh.biz,(210) 494-0879 x3507,1994-13-11T21:09:12+000
235e9341374a408f889ecaedd30fc99f,Ms. Halie Hickle,98b68b5b3752472dbd055aa12910dce1,sarina@rolfson_rolfson_and_rolfson.knk.com,1-920-327-4982,1986-15-07T04:25:36+000
b8d3fec8caee4024b9eb13014f349fa9,Jacquelyn Dooley,596000ec1ece4ab194b035155a9ca1c3,dach@lesch-lesch.xly.com,1-900-488-8517 x93492,1999-19-11T01:22:25+000
328ee5a01d7c478f8a13f297c52a668e,Stella Kunde,95a7db8b392147aa84a871c681a2512a,wava@monahan_group.jlr.info,+1-500-840-7663,2002-08-02T14:32:10+000
83ea3d38b044418084b8dfddf86bb7ec,Judge Conroy Jr.,2892a55eb803481c9e84c92a8b49a192,kertzmann@gorczany_and_sons.and.net,880-634-1665 x32971,1972-16-12T07:16:37+000
b67d0f9ce07d4a5fbfbaa1e012e17654,Deron Weber IV,8fd146cabc614a63890950baf812faca,arnaldo.langworth@wisoky-wisoky.koh.com,+16509954017,1997-05-03T18:39:47+000
4bb9d5d43656434c9420fca8a60de6c7,Mabel Hickle,1418665f04b1452087267821016f9220,lehner.emmett@vonrueden_group.zqb.info,(550) 435-1158 x0588,1971-16-03T16:23:25+000
93bf05554cf547a08d01d14faf254ffc,Millie Boehm IV,b30ac08c81c8409a81dfd475254fc564,sharon.rau@sipes_sipes_and_sipes.wrv.com,+1 (200) 748-7630,1974-03-12T19:22:39+000
a16e453738da4516981e72297850efaa,Mr. Lane Lowe Jr.,acbbd3bbb3804805b8c098e3a08887d7,beier.efren@fay_fay_and_fay.wrg.info,+19704275429,1995-23-06T22:17:43+000
1925850d8218430aa490f5c184964fc6,Crystal Bosco,e9a3d7864be5484483731a3abf97da22,kilback@bechtelar-bechtelar.cnv.com,1-470-954-1575 x4960,1972-30-07T10:29:38+000
9bc678b045d04cbab0f909320d90b87a,Kamryn Pfannerstill Sr.,e7b17af4574b42ec90033bb565532a0b,schmidt@runte_group.ofx.info,990.646.5927 x447,1976-04-02T10:51:49+000
51f6c5f762ed463ca68e1870416e7e4c,Novella Schiller,5053bbb6b0f14f1eb222b48ab2d793da,dickens@zemlak_llc.vdu.com,+1 (750) 873-5105,1991-07-04T21:58:16+000
84d241431b02449e9670d7438ed55ded,Mr. Jerrod Casper DDS,1418665f04b1452087267821016f9220,schulist@ferry-ferry.fai.net,460.927.2093 x307,1980-01-08T22:47:36+000
6de3bf94ef9b469389794e93fd3c4c98,Ms. Dianna Schuppe,cacf7cdc53b7432ba98cea2ce3256c9e,lura@stroman_stroman_and_stroman.ppu.info,870.385.4145,1975-27-07T07:58:20+000
fb80c96fa91c43ca8b385c4a47d0da67,Renee Bradtke,d5ff1e834ec948bda00a4f56ade9c701,volkman.monte@donnelly_ltd.ahr.com,+1-510-762-1412,1979-22-03T04:46:27+000
92364eb34d2145278315da55c6c4e090,Moses Brakus,57b15fe689c1476a886be25a44c04c9c,liana.goldner@pollich-pollich.oag.com,1-730-263-3598,1977-17-06T23:52:28+000
807911a07bc646ee8769d0deabc8b26b,Mandy Hilll,597e3b2546a5479186cb7a55a4d8acb8,jaime@schowalter-schowalter.pcd.biz,1-720-208-7191 x6482,1974-16-12T11:18:54+000
0b2067f1053f49889f80197a758d08ee,Mr. Emiliano Bernier,ef9d7d0a598a4babab0bb16e12363e8c,prosacco.king@abshire_ltd.izb.biz,490-207-4001 x8375,1979-30-03T19:34:40+000
38b4e7c4ce004431b8ba2b2e33da4df8,Ona Beatty PhD,5d535688f55d4fb48d681afc530a483c,gusikowski.amelie@emard_emard_and_emard.ulx.com,(410) 941-5958,1977-07-12T18:22:46+000
ea6166f8f8ab4035908823500d97686b,Lorena Denesik,02fb0884c9e74dc1a0a6e719bf9f2532,opal.wilderman@auer_inc.xek.com,+1-550-470-2133,1971-19-06T20:56:17+000
32c82bb7ce22434e9d5abab036ac7845,Rebekah Lemke,02684ccaaa09429daaaba07dcb86a2bf,edwin.kirlin@batz-batz.ehg.com,340.428.3673 x7057,1994-28-04T01:37:32+000
775dd09c29cd4e06bfac443e0f8b7ac6,Ms. Elody Parker,62a5d7526d63464490f98ffce51ada29,predovic@veum_veum_and_veum.xdz.com,+19006101894,2001-31-07T08:03:41+000
515b64183cff46d59052b374e9a6f345,Liana Kunde,d0459d5aa4cf4f308c981be2c384d0a5,eileen@sauer-sauer.xqr.org,1-510-473-8658 x425,1993-10-01T17:03:17+000
4ba07f25bd844d6086810168436afc19,Oliver Kertzmann,fbed02f54f0a44a1a707ddb75f93b968,bernier@harvey_harvey_and_harvey.soq.info,450-722-7426,2002-26-01T01:37:57+000
2fbecc888b7b40d18179daa94cf6378c,Ariel Osinski,4a8b12768136444a904214d8f433e4d5,khalil.dach@rau-rau.vmz.biz,+1 (460) 304-2524,1972-15-03T17:10:59+000
0a36bd6dd46d4b9382a6442f34af75d6,Jamison Schowalter I,f3868cb68c794b03b08dfeedbad5a6f7,feeney.sophie@parker_llc.myj.info,+1-200-669-7939,1993-26-03T03:37:51+000
c8cda614965b42dcb0afb68c6ed14ecd,Teagan Bernier,68cbcd70c3184a0ea930bcdc1394f5f7,meta@tillman_plc.ouj.biz,600.979.6806 x5680,1993-17-01T14:32:11+000
c1408e581b7946ddb080f1e3bdba50cc,Marta Jaskolski,09b0808bad8f47f88453509607fcffe7,lambert@smith_smith_and_smith.yxb.com,1-500-410-1212,1987-02-08T05:12:40+000
fa8527c27e4b491ca2e4a39cacb8d65e,Elenor Cartwright,1eab39311ef8464d996ef12e20505f10,eulalia.emard@buckridge_llc.hoh.info,1-700-447-9617 x1247,2001-16-11T05:59:09+000
0d08bbbdf1c341e0b5db5cd09aabbce1,Jimmy Willms V,2892a55eb803481c9e84c92a8b49a192,nichole.dicki@kuhic-kuhic.and.com,460-461-0735,1999-22-12T04:38:11+000
5469e7cb315f4bcca62723bbd8151cd3,Gia Cummings,ca130baa085e44fd9a4eeea7148c8ba1,hansen.leanne@emard_group.sgt.com,990.910.4993 x7697,1996-08-03T03:08:03+000
054e16d5a8b249af8316ca81cdebe7e3,"Emory O""Connell III",e5a5b3b6ddba4b86adf964d2af2b4c02,dorothea@runolfsdottir_and_sons.ynq.info,760.351.6282 x84370,1994-16-10T12:14:45+000
07e104b7e5754b398fbb144b79dc527b,Crystel Luettgen,e71815308df44df2ac4b1c8cb8f1f540,miracle@senger_inc.dif.biz,(670) 336-2738 x85477,1978-09-10T09:58:21+000
95c56cd853a6410a8c8cc59a7376b805,Bill Breitenberg,1264fa22a2494ec783a37ddc32b37a37,stan@gislason_inc.wbm.info,+1 (950) 902-1691,1984-23-10T20:22:36+000
bc6dbfd512bd4a66be75cb8229f4aa7d,Lambert Zieme,6ca0b33eea944afb9bfb7e49b44555e1,jast.dariana@doyle-doyle.hra.com,(360) 204-2514,1977-09-03T07:16:14+000
86446ccaa3234145870cd1a61788018e,Thurman Flatley V,596000ec1ece4ab194b035155a9ca1c3,hadley.mills@spinka_spinka_and_spinka.cfy.info,(310) 910-6833 x941,1972-09-08T03:33:34+000
11beb411eff94150abd306924ee0c825,Ms. Cassandra Pacocha,3b89dd78241f49658efcaed694c29631,abbott@howell-howell.tra.info,+1 (690) 594-3888,1983-14-11T11:21:29+000
eadad81b903145ca8ba98025b370f19f,Tad Nicolas DVM,28b2df1e4a7443269a5dfae5ced3fb52,hoeger@boyle-boyle.nqn.com,+1-820-821-1664,1986-03-10T15:15:02+000
51bf0c9f7dd94c5c9e6730c257dabf59,Joshuah Hickle,62a5d7526d63464490f98ffce51ada29,eichmann.tod@wiegand_and_sons.bon.biz,1-260-509-4064 x64840,1993-20-03T08:04:14+000
cfc71e2577b94b88b1613584934a4bd3,Johnson Welch,4f189acac81046bc8804f8fc43af5c10,feil.paige@swaniawski-swaniawski.lfu.com,+1 (540) 483-5074,1985-31-03T18:11:05+000
8221e57992da46eca43941a8a7f0ba69,Mr. Kristian Dickinson,2892a55eb803481c9e84c92a8b49a192,camylle.monahan@ward-ward.jba.biz,820.235.3178,1999-01-04T02:19:15+000
d2246739e9de4d1da8c51f1e94d53b8b,Maxie Hessel,bf2b908226d14e61acbc785ce9b89168,feil@mitchell_mitchell_and_mitchell.iid.info,+1 (840) 503-8083,1977-08-07T05:58:33+000
90d39a5521384094893c99bc8de4ca66,Mr. Deion Kohler,99e5fbf5b7674775b3ffc7949fae713d,bergnaum.leola@hodkiewicz_inc.mgo.org,700-420-0969,1980-26-12T00:54:01+000
e5c5d38b6ba84e43b5ad229f75b5a93e,Roger Luettgen I,1f0baa675bee436ea1594dbb2618786b,britney.herman@green-green.pmm.com,+12802617439,1972-22-12T19:09:26+000
116ab2775f09491e9e6002eee9ce60a8,Mr. Christopher Christiansen PhD,ee11b57eb07347ba8faca06f51bac734,roderick.fahey@lockman-lockman.akz.com,(970) 388-1655,1988-22-11T23:43:12+000
03ad667a79314be4b41b06f08e4690a0,Helen Parisian,44980b96447247b4aa7c6b79eb13a168,daniel@weber_weber_and_weber.ctu.com,1-800-936-9776,1975-07-07T02:09:39+000
e68987f2024548f18dce6ebf016bb230,Jed Jast,380feec76dfa43f39ed38d4d4ae7cb82,okuneva@osinski-osinski.sor.com,(480) 622-0958 x31784,1991-28-03T20:12:01+000
a880ee28c28648f9b7a0b5e0e57c4d88,Wilma Friesen,48c71644a19e4a8cb6493dc5393cb523,deckow@hagenes_llc.koy.com,(650) 603-8382 x511,1989-12-05T07:02:35+000
0ebff1cf9432440fb3ba35f512ef8928,Mr. Josh Streich,44980b96447247b4aa7c6b79eb13a168,ignatius@kunde-kunde.idb.com,(550) 204-6604 x13031,1990-01-08T02:52:46+000
e3cd40a8919044308c756292d72d1487,Elwyn Hagenes,a5198fa52bf44bb386f8fd3a97d35875,levi@greenholt-greenholt.ubs.net,640-527-0031 x697,1992-15-10T15:54:57+000
60ea03faab8d48a888657a247f5a7012,Mr. Darion Batz,7dee62dd0c1d453387dd6a3495578a2c,samson.west@cremin_inc.xfi.com,860.710.1372,1982-25-03T00:39:13+000
81cf52405f69428fa54c882628904dfe,Ms. Noelia King,f52716ff84d543fa9066ea5ffc8a4993,estefania@yundt-yundt.gqj.com,(820) 640-5405 x4339,1987-14-05T20:43:07+000
9a2ead93663e4891a7a18b4c61fea5db,Keshawn Lesch,7968d0888a38489e83511d132bdcec05,kozey.chase@schinner_and_sons.klg.com,1-270-791-5084,1978-15-03T12:53:03+000
9e05766b391344748e14cbbb3148b161,Mr. Brycen Streich,b48d3e329a9d4222a7516e55a073fc59,porter@pollich_llc.uit.com,1-460-993-3690 x084,1998-14-10T00:05:09+000
ff488cbf085940aa858a655bc9ec899f,Bell Haag,946f3fef418948b1ad6b2fe8c4e36835,ferry.ethan@bednar_bednar_and_bednar.ohn.com,+1-520-453-5995,1980-28-10T17:27:40+000
f60d91d82eac491d9749a1debdc0056f,Tianna Denesik,dcb2374d2f14414a989a289fb4e397a2,marquardt@koelpin-koelpin.oto.biz,690-880-7465 x79096,1977-25-01T16:35:33+000
da8b7fd480944fbc96d7550021cdd805,Mr. Deonte Kshlerin,49795856290e4d44b3bee10acf1f2f82,darian@padberg-padberg.iee.info,+1 (960) 910-6375,1978-27-12T16:14:04+000
2f001857feab4410b5e75c5d0379e1df,Cassandra Harris,822ea47a67174466bd11492b9df224ce,dewayne.effertz@koepp-koepp.way.com,720.928.8547,1971-30-07T08:31:22+000
6ea14041e2974f87b4ddfdfbabbb370f,Michael Hermiston,4b045f8ac3e94ed3862a967a18a8e1ea,barton@schamberger_schamberger_and_schamberger.hez.com,+15907243366,2001-30-10T21:01:48+000
7d64f522d99a4acfa9a2a7ac7ec72be9,Ms. Piper Legros PhD,00346961159945f98c05db2a80896291,sydnie@feeney-feeney.ylj.org,+1-260-901-6340,1977-04-07T06:08:36+000
89ee4bf40b9c4b679745b27db3af36ad,Mr. Raven Legros II,adde0d341c454b45bbcc53e607987ef8,twila@stehr_inc.jsm.info,1-290-697-6136,1972-17-04T05:32:08+000
e8d83f435d664c109edebc9d96a11385,Jewel Hilpert,c39156f2877147d58a3c188eaa763de3,nolan.dach@ryan-ryan.amf.com,410-230-5158 x655,2002-27-08T04:08:52+000
e04f80510181473ca9fe4a96efb4a47c,Johnson Gottlieb,00346961159945f98c05db2a80896291,michale@feil-feil.lsn.net,(670) 530-6252 x27172,1986-24-10T12:22:46+000
b78ec8d0b7734d109c2ce2591c396a57,Lenna Lebsack,c44ad515f1d046f9b0f67658cf0c6105,huels.tillman@walsh_walsh_and_walsh.rjn.org,(630) 536-5025 x6504,1991-07-06T02:47:18+000
d9617f86e3af411f94e86056c99edb2e,Mr. Laurel Reichert,2074d9667a4941dbb1a424839f7ca1ba,fisher@christiansen_christiansen_and_christiansen.wke.com,1-230-407-8750,1998-16-09T13:10:33+000
e5cb86513f9444f5a881b724992d34c7,Ms. Nya Miller V,ef9d7d0a598a4babab0bb16e12363e8c,karli.franecki@graham_group.pvh.biz,(720) 576-2184 x16295,1988-23-10T23:54:19+000
781e8e4213ba40dc82ea62f112812800,Stuart Collins,3961c3d5191749b68b0c234f5ee299f0,harry@bergstrom_llc.roe.com,+1-940-310-5572,1983-26-01T19:41:01+000
335d183094454f0eaa1bc4050824d5d0,Hector Hermiston,30db189e95e14ce1b152e79e249a9f70,jessie@bartell-bartell.ecr.com,1-440-385-9604 x7284,1988-04-11T03:41:23+000
cc40fb0bc6184150b37462bf430eec9b,Addison Huel,1946df33faa04690b8aadf164c66276e,eichmann.isabella@mitchell_plc.pld.com,+1-270-685-8357,1978-05-03T04:06:02+000
9adc2561d161444fa8f95389df2fee9e,Mr. Marlon Beier IV,62c1775a08924d3b92be53ec2abe4178,zemlak@berge_berge_and_berge.yqg.biz,720.759.2183 x8445,1999-21-07T02:22:15+000
73b43cdbebc34c4092d845277316e77a,Mr. Jan Waelchi,e9a3d7864be5484483731a3abf97da22,cydney@langworth_langworth_and_langworth.est.com,1-580-542-2295 x834,2001-16-07T07:43:04+000
857cda2c4f19469697caa745da669595,Gunnar Lubowitz,adde0d341c454b45bbcc53e607987ef8,ezra.wolf@fisher-fisher.apu.biz,490-273-1408,1989-17-12T08:32:49+000
38376a3deb7b4a64af1e632d06a8c88a,Stephon Huels,c2faf2dbedf34fea85385afc7be601ef,cristobal@graham_graham_and_graham.mpz.org,+1-970-244-1890,2002-04-02T13:33:59+000
7df1719cf20449c6bd41110274153372,Kiarra Torphy,8fd146cabc614a63890950baf812faca,kassandra@rutherford_rutherford_and_rutherford.eat.com,+1-760-910-1172,1994-24-02T21:37:46+000
6df3a1bbd58648fe8b8549a690910027,Ms. Lela Mitchell,ffe826d4ac5644c88bc2a3b20efce021,neoma@beahan-beahan.nsz.com,720.342.9578 x14910,1988-19-03T00:13:27+000
063e99730c7340a0b4c81662a8801394,Ashley Robel,e4ce5c5b822442a0b2c3795881ae39c8,dubuque@kilback_and_sons.vng.info,(250) 406-6335 x52418,2001-08-07T12:17:26+000
96acebbd13fa4c12be170e4df1a9fdd7,Giovanni Breitenberg II,e9a3d7864be5484483731a3abf97da22,cora@breitenberg_plc.ela.biz,690-888-4118 x3995,1988-23-05T19:55:35+000
131a901296424ff1a3e4e38228419d47,Ms. Natasha Cartwright,7d04e1095a2e47a399ba0a1188d4b170,tracey@little-little.wlc.com,230.772.4427,1988-11-02T04:58:28+000
5fbfa4918a924a6f8982b6f231e64fe3,Mr. Monty Pouros,57b15fe689c1476a886be25a44c04c9c,trudie.mante@krajcik_krajcik_and_krajcik.djv.com,1-640-268-9878 x25596,1981-11-09T13:06:52+000
24565090a202442f8ed3cdabc951ce07,Tabitha Ziemann,1a6296fc636d43d092b957875699a23b,dubuque.carole@schmitt_and_sons.hdb.com,590.602.7696,1984-07-05T09:48:59+000
672c6c6203a349d4abb804b4f56054ec,Mr. Maxime Kilback Sr.,7d04e1095a2e47a399ba0a1188d4b170,kreiger.zola@altenwerth_altenwerth_and_altenwerth.rer.com,470.474.9938 x0017,1985-13-11T03:16:15+000
99bd3963003c4434aba286dd1b712c6e,Ms. Emelia White II,3d4d99c86ba649d5a6f7f76dad4c02e2,ankunding.zack@kutch-kutch.yzx.com,280-710-2716,1979-25-11T10:55:56+000
fe2e6bca2dcd41af89ab8a16a49d2c1b,Una Anderson V,dcb2374d2f14414a989a289fb4e397a2,guido@lockman_lockman_and_lockman.vrx.com,1-460-335-0493 x726,1980-07-06T15:55:36+000
c67937c819df44c4b8b118fe83778b1e,Mr. Josh Spencer,73c05a7440514ac2a8dab145b4d15646,isaac@lind_lind_and_lind.ayl.com,1-880-832-2993,1995-23-08T06:22:08+000
59eb2da1cb14421fb0df3ceb8e0986c4,Ms. Susan Dare Jr.,71925e9843764d2db0786a3f5e990604,neva.little@mosciski_ltd.quz.info,(990) 904-0327,1971-13-02T15:58:05+000
70423cf70e334436914f7cbedd8d7194,Hilton Franecki Jr.,3b0d047b776e4d27906a6522734d92af,green@braun-braun.ykf.com,(910) 578-8068 x1275,1990-03-03T11:17:49+000
d89330007b584507bedab5d660951e62,Sid DuBuque,ce76fd8f25ee4e2b8d21871bc5553168,wolf@hane_hane_and_hane.yss.com,+1.620.781.1195,1997-31-05T20:16:14+000
25c0006d91ff4c74b87708ae5f022020,Andreanne Reynolds V,9c59c25c8d914269afe8dbbe4d8d3f05,walker.manuel@ruecker-ruecker.ezo.biz,820-728-7510,1989-14-10T18:20:05+000
8d91e65f174b443ea1e5b82390afb61a,Richmond Ernser,24f66321a7904c9b87c1801858082b37,makenna@bashirian_bashirian_and_bashirian.yfh.info,(300) 953-0912 x27075,1992-25-08T00:28:29+000
50654818011b486f8c9806e19d153247,Jane Herzog,8b37046357af4184a178a087f1d472f1,rice.jeffry@bartell_group.hme.com,1-850-785-5847 x58407,1984-17-03T22:12:00+000
075739561e2b44c6864156cbf541ca6a,Jennifer White,8e9160d378574fe7885d0cdc9e97b4f0,schmitt.camille@jacobi_jacobi_and_jacobi.pmd.com,1-360-433-8460 x7992,1992-05-10T10:38:50+000
573b9985b65640ada0603e94090f5a34,Ivy Corkery,e9bef2a9c9c84fecaba88e5e6d80b0a4,medhurst@metz_metz_and_metz.vbl.com,1-790-623-5433 x8303,2000-05-03T16:41:51+000
25c9d5b3c40f45a290b609095713564f,Ms. Brittany Trantow,e9a3d7864be5484483731a3abf97da22,bednar@o_kon_llc.sdf.net,1-490-393-5934,2001-18-06T17:20:00+000
18ac09b9bbff4f188677486362c98b74,Abigail Feeney,662b5801865141ee9396ee64ba80721d,wilderman.alexandra@heller_heller_and_heller.jop.com,1-710-347-9935,1993-27-06T19:37:17+000
192b5b60a8714d188b47246a6bfb4f50,Mr. Domenico Shanahan,e7b17af4574b42ec90033bb565532a0b,aliza.kovacek@skiles_plc.uit.net,(480) 754-7163 x8096,2001-29-11T22:33:21+000
0b3d606b26694278816d49e38bfe0ea2,Lisette Ward,8d8b77320dd64ab084bb950fb99da684,huel@mante_plc.tej.info,(740) 381-2922 x147,1987-27-07T12:26:36+000
2f1c463bce5f4cc2addbd96acf1afc69,Rey Tillman,bc86917bdb944245a8df3b5261291523,runolfsson.nathanael@kirlin-kirlin.xqx.com,(980) 810-7080,1970-03-11T19:07:21+000
daaac5542f224e64abe4d3a527e1c0b6,Ms. Kendra Feil I,854bb85c550541cc8b871c4558451929,borer.lorna@bartell_inc.qio.com,370-610-4604 x9204,1996-01-11T10:53:00+000
418488cb2a7a47258b8e759d438ab06b,Vidal Kirlin,cf2636a13aaa4cd28b85abcee05a0607,wyman.mayer@fisher_llc.vcp.com,+1-220-310-6509,1988-06-06T07:33:10+000
e758c7f281d54c4792820338bfc49045,Candido Rogahn,1c56fa0825114e5e9d69b7982174b23e,bins@reinger-reinger.fdn.net,1-940-609-9669 x902,1996-10-09T19:51:46+000
f60766dd3e74486a925ccd87c43815bb,Jonas Leuschke,0b3f9759f80a44b4b20d82d743391358,nienow.angeline@mclaughlin-mclaughlin.hka.com,+1 (340) 640-9328,1970-28-10T10:19:26+000
e46d3d3e60ba4d84ad6cf4fe50a57736,Halie Ziemann DDS,6ca0b33eea944afb9bfb7e49b44555e1,wolf@schowalter_schowalter_and_schowalter.ekj.info,320-522-0019 x77601,1982-13-02T04:06:36+000
5cd0154948b54077827c99e9b0c6de52,Josiah Gerhold,44980b96447247b4aa7c6b79eb13a168,rebecca.rau@wolff_wolff_and_wolff.blr.com,890.924.5863 x31416,1987-28-01T18:31:00+000
26f7a7b315214577a01b1f487fb49e47,Ms. Whitney Monahan,964521dbd9af4a2eb797fe38a34e9639,conner.blick@green-green.swh.org,410.841.3435 x0755,1995-28-06T01:15:58+000
0fda0806f0e64a4e9e4712d0fa57c6ee,Corbin Berge PhD,a5198fa52bf44bb386f8fd3a97d35875,turner@hilll_hilll_and_hilll.abj.info,220.970.0356 x0528,2001-14-02T09:21:58+000
b629a3aa783a407b9ed02c33b3855a6f,Davon Kertzmann V,f8bc5c3552114c2590250987d4a9f74b,corwin@donnelly_donnelly_and_donnelly.hid.com,1-290-989-1008 x9733,2002-09-03T03:06:24+000
ec7d7f4cbebf457faf17573ea811da1b,Ms. Patsy Stamm DDS,7d04e1095a2e47a399ba0a1188d4b170,robbie@schowalter_plc.yfl.info,1-390-926-9090,1971-12-08T22:23:52+000
ca8669613d67423b830dda935279ad76,Mr. Kristoffer Prohaska,107f97ae8e58421c8f86e68baa7ad723,gusikowski@williamson_and_sons.srp.biz,700.681.4075 x216,1972-05-05T19:48:24+000
be85347e1f584a5b9a938133407c290a,Vida Champlin V,6dfee365a3014a7d967be9c2a238ac57,schmidt@mertz_mertz_and_mertz.szg.biz,+1-630-862-3828,2002-19-07T20:22:30+000
be5bad72dac447a4b9b22482817f4af7,Sibyl Gislason,c8407b81bb9c4c2389a7bce01ea22e2b,kali.douglas@kiehn_kiehn_and_kiehn.wjq.com,(680) 524-0025,1971-27-03T03:56:54+000
af096533369a44e9a24a94c91a2cb268,Rosalinda Terry,b30ac08c81c8409a81dfd475254fc564,douglas@mosciski-mosciski.hqx.com,1-410-837-4553,1977-27-08T11:00:53+000
988a9db301974eef9ebc4224d070ee54,Kay Greenfelder,822ea47a67174466bd11492b9df224ce,diamond@wilderman_inc.jmn.net,(410) 410-0631 x61054,1988-11-11T23:17:44+000
83dcc93f1c4b46389ded85f7ada240a2,Helene Prosacco,f8eeb563cbb14eda86f2f70b428eb1ac,zbonéak.richmond@west_west_and_west.wdc.info,220.325.4786 x44572,1995-21-02T05:01:55+000
